user_id,ip_address,social_media_handle,email_x,user_registration_id,username,email_y,first_name,last_name
1,192.168.192.126,lherring,,,,,,
2,172.18.54.245,jrodriguez,jrodriguez@example.com,1.0,jrodriguez,jrodriguez@example.com,Jason,Rodriguez
3,172.19.187.181,mhanson,,,,,,
4,192.168.191.77,,,,,,,
5,172.31.71.19,mwallace,mwallace@example.com,2.0,mwallace,mwallace@example.com,Michael,Wallace
6,172.24.221.226,,ehayes@example.net,3.0,ehayes,ehayes@example.net,Eileen,Hayes
7,172.26.209.141,droberson,droberson@example.com,4.0,droberson,droberson@example.com,Deborah,Roberson
8,192.168.185.176,,bvalenzuela@example.com,5.0,bvalenzuela,bvalenzuela@example.com,Brian,Valenzuela
9,10.201.174.215,jjohnson,,,,,,
10,172.21.154.6,chaynes,chaynes@example.com,6.0,chaynes,chaynes@example.com,Catherine,Haynes
11,192.168.57.86,,btran@example.net,7.0,btran,btran@example.net,Beth,Tran
12,10.5.244.7,,,,,,,
13,172.17.165.174,,,,,,,
14,10.185.19.167,,,,,,,
15,192.168.250.196,pcrane,,,,,,
16,172.21.223.250,,,,,,,
17,172.18.218.53,ebailey,,,,,,
18,172.22.243.15,,jward@example.org,8.0,jward,jward@example.org,Jennifer,Ward
19,172.23.215.121,,dwhite@example.com,9.0,dwhite,dwhite@example.com,Daisy,White
20,192.168.209.134,,,,,,,
21,192.168.72.74,swilliams,,,,,,
22,172.22.127.33,,,,,,,
23,172.27.112.177,agreene,agreene@example.com,10.0,agreene,agreene@example.com,Amanda,Greene
24,10.246.109.73,,skelley@example.net,11.0,skelley,skelley@example.net,Susan,Kelley
25,10.17.103.231,,dandrade@example.org,12.0,dandrade,dandrade@example.org,David,Andrade
26,192.168.26.194,,jsmith@example.net,13.0,jsmith,jsmith@example.net,James,Smith
27,10.10.233.182,,,,,,,
28,192.168.166.244,,,,,,,
29,192.168.8.10,cvance,cvance@example.net,14.0,cvance,cvance@example.net,Chelsea,Vance
30,172.30.70.134,mschmidt,mschmidt@example.net,15.0,mschmidt,mschmidt@example.net,Mary,Schmidt
31,172.17.69.142,tmiller,tmiller@example.com,16.0,tmiller,tmiller@example.com,Thomas,Miller
32,10.163.33.222,khodge,khodge@example.net,17.0,khodge,khodge@example.net,Kayla,Hodge
33,10.108.1.255,kvaughan,,,,,,
34,172.28.40.236,lrich,lrich@example.com,18.0,lrich,lrich@example.com,Lisa,Rich
35,172.25.177.79,pcarson,,,,,,
36,192.168.176.204,bfrench,,,,,,
37,172.30.72.246,rvega,rvega@example.com,19.0,rvega,rvega@example.com,Rachel,Vega
38,172.27.133.185,,,,,,,
39,172.19.95.51,wrobinson,,,,,,
40,172.23.5.117,dvazquez,,,,,,
41,10.130.164.103,jkim,,,,,,
42,192.168.178.215,asanders,,,,,,
43,10.165.252.162,sallen,,,,,,
44,192.168.13.32,,,,,,,
45,10.23.159.114,cdavis,,,,,,
46,192.168.90.69,gphillips,,,,,,
47,192.168.107.110,,jbennett@example.net,20.0,jbennett,jbennett@example.net,Jared,Bennett
48,172.20.54.210,kmoreno,,,,,,
49,10.215.38.206,abrown,abrown@example.net,21.0,abrown,abrown@example.net,Ann,Brown
50,192.168.134.203,rmay,rmay@example.org,22.0,rmay,rmay@example.org,Robert,May
51,192.168.107.236,,creilly@example.net,23.0,creilly,creilly@example.net,Christian,Reilly
52,10.116.67.231,rflores,,,,,,
53,10.166.158.69,,,,,,,
54,10.204.219.184,,jthompson@example.org,24.0,jthompson,jthompson@example.org,Janet,Thompson
55,10.211.117.58,pallison,pallison@example.com,25.0,pallison,pallison@example.com,Patrick,Allison
56,172.25.72.145,jrichardson,,,,,,
57,172.22.51.160,,,,,,,
58,192.168.80.151,bfranklin,bfranklin@example.com,26.0,bfranklin,bfranklin@example.com,Brittney,Franklin
59,192.168.197.158,,,,,,,
60,10.164.16.253,yponce,,,,,,
61,172.25.183.120,,,,,,,
62,172.27.7.129,cgallagher,cgallagher@example.net,27.0,cgallagher,cgallagher@example.net,Christina,Gallagher
63,192.168.96.183,cstewart,,,,,,
64,172.17.203.42,bsimpson,,,,,,
65,192.168.121.60,,bbutler@example.org,28.0,bbutler,bbutler@example.org,Brooke,Butler
66,10.162.201.45,,,,,,,
67,10.192.14.167,,,,,,,
68,172.24.219.230,,,,,,,
69,172.29.38.44,,,,,,,
70,172.24.163.185,,thorne@example.org,29.0,thorne,thorne@example.org,Teresa,Horne
71,192.168.125.252,mwilson,,,,,,
72,10.116.54.186,,,,,,,
73,172.17.203.27,,bperkins@example.com,30.0,bperkins,bperkins@example.com,Brent,Perkins
74,192.168.234.12,,,,,,,
75,192.168.185.145,,,,,,,
76,192.168.172.157,kstevens,,,,,,
77,10.8.16.2,vjenkins,,,,,,
78,10.142.117.61,zroberts,zroberts@example.net,31.0,zroberts,zroberts@example.net,Zachary,Roberts
79,192.168.52.22,,cgardner@example.com,32.0,cgardner,cgardner@example.com,Christine,Gardner
80,192.168.189.132,,,,,,,
81,172.23.82.199,,sadams@example.com,33.0,sadams,sadams@example.com,Sean,Adams
82,172.24.32.45,sclarke,,,,,,
83,192.168.56.251,rjackson,rjackson@example.net,34.0,rjackson,rjackson@example.net,Ryan,Jackson
84,192.168.191.90,,awalker@example.com,35.0,awalker,awalker@example.com,Angela,Walker
85,172.17.183.180,dyoung,dyoung@example.net,36.0,dyoung,dyoung@example.net,Daniel,Young
86,10.181.121.26,,,,,,,
87,10.218.175.16,,tgraves@example.net,37.0,tgraves,tgraves@example.net,Tanya,Graves
88,10.213.31.185,pmorales,,,,,,
89,10.56.35.28,jbaker,,,,,,
90,10.248.214.145,alane,,,,,,
91,10.82.9.170,sgomez,,,,,,
92,192.168.93.245,,mray@example.org,38.0,mray,mray@example.org,Michele,Ray
93,10.45.26.17,nwalters,,,,,,
94,172.25.117.76,talvarado,,,,,,
95,10.198.59.142,kvillanueva,kvillanueva@example.net,39.0,kvillanueva,kvillanueva@example.net,Kevin,Villanueva
96,192.168.46.70,npugh,npugh@example.net,40.0,npugh,npugh@example.net,Nicole,Pugh
97,172.21.209.239,dyates,dyates@example.com,41.0,dyates,dyates@example.com,Dawn,Yates
98,192.168.54.249,,,,,,,
99,192.168.141.242,,jbradley@example.org,42.0,jbradley,jbradley@example.org,Julie,Bradley
100,10.254.168.106,charrison,,,,,,
101,172.31.110.210,jjohns,,,,,,
102,192.168.195.202,ahawkins,,,,,,
103,172.19.40.11,tshannon,,,,,,
104,172.20.180.22,lsalinas,,,,,,
105,10.139.0.17,kpeterson,,,,,,
106,172.17.109.159,mcooper,,,,,,
107,172.29.253.248,fwarren,fwarren@example.net,43.0,fwarren,fwarren@example.net,Fernando,Warren
108,192.168.130.50,sdiaz,,,,,,
109,172.27.186.251,,,,,,,
110,192.168.183.236,,,,,,,
111,192.168.179.148,jweiss,,,,,,
112,10.237.74.244,iking,iking@example.net,44.0,iking,iking@example.net,Isaiah,King
113,172.26.70.5,,,,,,,
114,192.168.65.95,klivingston,klivingston@example.net,45.0,klivingston,klivingston@example.net,Kurt,Livingston
115,10.203.30.136,jpatel,,,,,,
116,172.20.48.248,vbell,,,,,,
117,192.168.201.88,sholmes,,,,,,
118,192.168.116.9,tli,,,,,,
119,192.168.141.27,,,,,,,
120,10.233.170.99,bparker,,,,,,
121,172.18.239.118,mlittle,mlittle@example.com,46.0,mlittle,mlittle@example.com,Mikayla,Little
122,192.168.145.125,cbarron,,,,,,
123,172.21.26.34,sgarza,sgarza@example.net,47.0,sgarza,sgarza@example.net,Sheri,Garza
124,172.16.112.104,,rpatrick@example.org,48.0,rpatrick,rpatrick@example.org,Roger,Patrick
125,10.177.91.59,,rwright@example.net,49.0,rwright,rwright@example.net,Russell,Wright
126,192.168.252.216,lmcdonald,,,,,,
127,192.168.6.109,,gconrad@example.com,50.0,gconrad,gconrad@example.com,Glenn,Conrad
128,10.235.247.52,,tchambers@example.com,51.0,tchambers,tchambers@example.com,Tiffany,Chambers
129,172.25.135.154,showard,showard@example.org,52.0,showard,showard@example.org,Sarah,Howard
130,192.168.149.134,mbowman,mbowman@example.org,53.0,mbowman,mbowman@example.org,Martin,Bowman
131,10.122.251.232,amorgan,amorgan@example.com,54.0,amorgan,amorgan@example.com,Ashley,Morgan
132,10.18.153.179,jmitchell,,,,,,
133,172.23.1.145,baustin,baustin@example.org,55.0,baustin,baustin@example.org,Bailey,Austin
134,172.16.223.213,,sho@example.com,56.0,sho,sho@example.com,Sandra,Ho
135,192.168.50.171,bmorton,bmorton@example.org,57.0,bmorton,bmorton@example.org,Bryan,Morton
136,172.29.158.82,dayala,,,,,,
137,192.168.139.129,djones,,,,,,
138,10.64.70.182,lreyes,lreyes@example.net,58.0,lreyes,lreyes@example.net,Larry,Reyes
139,172.25.229.159,,vrivera@example.com,59.0,vrivera,vrivera@example.com,Vincent,Rivera
140,172.25.118.100,mstokes,,,,,,
141,172.27.18.222,,,,,,,
142,192.168.59.140,,mmaddox@example.net,60.0,mmaddox,mmaddox@example.net,Mike,Maddox
143,10.101.89.83,mrobertson,,,,,,
144,172.29.143.74,,mlutz@example.com,61.0,mlutz,mlutz@example.com,Manuel,Lutz
145,10.40.189.196,,,,,,,
146,172.24.198.167,,kbrooks@example.net,62.0,kbrooks,kbrooks@example.net,Kimberly,Brooks
147,192.168.233.250,,,,,,,
148,172.16.248.3,ereese,ereese@example.net,63.0,ereese,ereese@example.net,Erika,Reese
149,172.29.174.238,mshelton,,,,,,
150,192.168.216.217,ageorge,,,,,,
151,192.168.73.205,,cschwartz@example.org,64.0,cschwartz,cschwartz@example.org,Carol,Schwartz
152,192.168.147.21,nperez,nperez@example.org,65.0,nperez,nperez@example.org,Nathan,Perez
153,10.29.61.28,cesparza,cesparza@example.org,66.0,cesparza,cesparza@example.org,Charles,Esparza
154,172.17.235.140,,,,,,,
155,10.194.249.248,mrowland,,,,,,
156,10.147.91.21,,,,,,,
157,192.168.139.37,agibson,agibson@example.com,67.0,agibson,agibson@example.com,Aaron,Gibson
158,172.17.14.51,khess,khess@example.com,68.0,khess,khess@example.com,Kristina,Hess
159,192.168.204.92,ecarpenter,,,,,,
160,172.26.105.132,szimmerman,szimmerman@example.org,69.0,szimmerman,szimmerman@example.org,Shawn,Zimmerman
161,10.49.170.45,,,,,,,
162,192.168.96.114,,,,,,,
163,192.168.10.77,amccall,amccall@example.org,70.0,amccall,amccall@example.org,Austin,Mccall
164,10.129.37.11,wcole,,,,,,
165,10.169.161.229,,,,,,,
166,172.26.30.22,lvaldez,lvaldez@example.org,71.0,lvaldez,lvaldez@example.org,Lynn,Valdez
167,192.168.194.52,,,,,,,
168,172.20.3.179,dross,,,,,,
169,192.168.255.80,vbentley,,,,,,
170,192.168.249.212,,cbautista@example.net,72.0,cbautista,cbautista@example.net,Crystal,Bautista
171,172.28.97.140,mgonzalez,mgonzalez@example.org,73.0,mgonzalez,mgonzalez@example.org,Melody,Gonzalez
172,172.18.202.165,hboone,,,,,,
173,172.29.115.176,,,,,,,
174,172.29.209.66,,ksullivan@example.org,74.0,ksullivan,ksullivan@example.org,Kendra,Sullivan
175,10.169.90.188,tdaniel,,,,,,
176,192.168.217.208,cfleming,,,,,,
177,172.19.119.95,,shurst@example.net,75.0,shurst,shurst@example.net,Stephen,Hurst
178,172.24.35.45,,acunningham@example.net,76.0,acunningham,acunningham@example.net,Abigail,Cunningham
179,10.135.61.84,cwatts,,,,,,
180,10.65.156.77,,wmcmillan@example.com,77.0,wmcmillan,wmcmillan@example.com,William,Mcmillan
181,10.44.156.122,hmurphy,,,,,,
182,192.168.204.55,pwong,,,,,,
183,172.22.164.40,gwiggins,gwiggins@example.org,78.0,gwiggins,gwiggins@example.org,Gabriel,Wiggins
184,192.168.200.42,,egould@example.org,79.0,egould,egould@example.org,Erin,Gould
185,192.168.54.21,bwells,bwells@example.org,80.0,bwells,bwells@example.org,Brandon,Wells
186,172.28.208.76,,,,,,,
187,172.29.116.107,ajimenez,,,,,,
188,10.10.223.110,,,,,,,
189,10.100.44.196,,,,,,,
190,10.230.13.197,,,,,,,
191,172.28.108.14,ehughes,,,,,,
192,10.129.132.125,,,,,,,
193,10.73.167.0,tkelly,,,,,,
194,172.16.153.106,reaton,reaton@example.com,81.0,reaton,reaton@example.com,Randy,Eaton
195,172.20.239.216,kfields,,,,,,
196,10.81.201.169,ddorsey,,,,,,
197,10.1.43.69,,,,,,,
198,10.57.0.76,,,,,,,
199,192.168.175.158,,abarrett@example.org,82.0,abarrett,abarrett@example.org,Alexis,Barrett
200,192.168.234.103,salexander,salexander@example.net,83.0,salexander,salexander@example.net,Stacey,Alexander
201,10.153.7.165,jsanchez,,,,,,
202,10.23.121.71,llopez,llopez@example.org,84.0,llopez,llopez@example.org,Luke,Lopez
203,172.27.135.25,,,,,,,
204,192.168.78.243,pestes,pestes@example.com,85.0,pestes,pestes@example.com,Peter,Estes
205,10.12.39.210,,,,,,,
206,192.168.172.30,amartinez,,,,,,
207,172.25.139.0,bcollins,,,,,,
208,10.92.231.81,kgraham,,,,,,
209,192.168.33.9,amclaughlin,amclaughlin@example.com,86.0,amclaughlin,amclaughlin@example.com,Alicia,Mclaughlin
210,10.122.38.248,dhampton,,,,,,
211,192.168.43.5,,mgordon@example.net,87.0,mgordon,mgordon@example.net,Monica,Gordon
212,192.168.189.207,,,,,,,
213,192.168.30.115,,gbryant@example.org,88.0,gbryant,gbryant@example.org,George,Bryant
214,172.25.163.46,mjarvis,,,,,,
215,192.168.216.161,rquinn,,,,,,
216,172.22.72.217,jhooper,jhooper@example.net,89.0,jhooper,jhooper@example.net,Jeffery,Hooper
217,10.160.3.99,,,,,,,
218,192.168.123.54,aschultz,aschultz@example.org,90.0,aschultz,aschultz@example.org,Anita,Schultz
219,192.168.206.156,lle,,,,,,
220,172.24.80.55,,,,,,,
221,10.78.228.213,jenglish,jenglish@example.org,91.0,jenglish,jenglish@example.org,Jacqueline,English
222,10.238.109.251,mcruz,,,,,,
223,192.168.38.20,jbecker,jbecker@example.net,92.0,jbecker,jbecker@example.net,Jillian,Becker
224,10.146.7.121,,,,,,,
225,192.168.166.220,awilliamson,,,,,,
226,10.209.51.65,,,,,,,
227,192.168.56.80,kmadden,,,,,,
228,192.168.213.129,rwalton,,,,,,
229,172.16.33.65,sgregory,,,,,,
230,192.168.77.236,tsims,tsims@example.net,93.0,tsims,tsims@example.net,Theresa,Sims
231,10.38.30.186,lgarcia,,,,,,
232,10.217.19.58,croy,croy@example.org,94.0,croy,croy@example.org,Cory,Roy
233,172.24.245.230,,gpena@example.com,95.0,gpena,gpena@example.com,Gary,Pena
234,172.27.12.228,,,,,,,
235,192.168.138.74,,boliver@example.net,96.0,boliver,boliver@example.net,Blake,Oliver
236,172.27.185.114,,,,,,,
237,192.168.242.5,,bhutchinson@example.net,97.0,bhutchinson,bhutchinson@example.net,Brenda,Hutchinson
238,172.30.221.55,jdixon,,,,,,
239,192.168.151.242,,,,,,,
240,10.182.247.84,,amoran@example.net,98.0,amoran,amoran@example.net,Amber,Moran
241,10.137.157.151,hclark,hclark@example.org,99.0,hclark,hclark@example.org,Harold,Clark
242,10.121.109.88,cstone,cstone@example.com,100.0,cstone,cstone@example.com,Cheyenne,Stone
243,192.168.111.2,tcoleman,,,,,,
244,192.168.212.123,mbeck,mbeck@example.net,101.0,mbeck,mbeck@example.net,Melanie,Beck
245,192.168.20.84,rholt,rholt@example.net,102.0,rholt,rholt@example.net,Rebecca,Holt
246,192.168.158.97,lcantu,lcantu@example.net,103.0,lcantu,lcantu@example.net,Lorraine,Cantu
247,192.168.200.99,staylor,staylor@example.com,104.0,staylor,staylor@example.com,Sharon,Taylor
248,172.30.95.145,sthomas,,,,,,
249,192.168.230.59,,,,,,,
250,192.168.54.173,asummers,,,,,,
251,192.168.194.115,kfigueroa,kfigueroa@example.com,105.0,kfigueroa,kfigueroa@example.com,Krista,Figueroa
252,172.28.194.61,eparrish,,,,,,
253,10.78.102.188,sacosta,,,,,,
254,10.154.49.253,,,,,,,
255,172.29.215.223,arose,arose@example.org,106.0,arose,arose@example.org,Alan,Rose
256,10.250.203.139,danderson,danderson@example.org,107.0,danderson,danderson@example.org,Donna,Anderson
257,192.168.3.85,,,,,,,
258,172.23.235.165,hglass,hglass@example.net,108.0,hglass,hglass@example.net,Heather,Glass
259,172.31.84.142,jmaynard,jmaynard@example.net,109.0,jmaynard,jmaynard@example.net,Jordan,Maynard
260,192.168.140.198,,,,,,,
261,10.131.151.31,cbooker,,,,,,
262,172.25.23.203,lbyrd,,,,,,
263,172.19.153.245,mramos,mramos@example.com,110.0,mramos,mramos@example.com,Marc,Ramos
264,10.192.255.240,,ehorton@example.org,111.0,ehorton,ehorton@example.org,Evelyn,Horton
265,10.14.217.163,kscott,,,,,,
266,10.90.125.70,dmejia,,,,,,
267,172.19.38.243,,fpollard@example.org,112.0,fpollard,fpollard@example.org,Felicia,Pollard
268,192.168.231.185,jhoffman,,,,,,
269,10.72.106.216,tgillespie,,,,,,
270,10.24.89.231,anewman,anewman@example.org,113.0,anewman,anewman@example.org,Alison,Newman
271,172.19.109.28,vhall,vhall@example.net,114.0,vhall,vhall@example.net,Virginia,Hall
272,172.28.243.235,tnichols,,,,,,
273,192.168.167.71,jrodgers,,,,,,
274,10.130.99.244,,,,,,,
275,192.168.185.14,tfoley,tfoley@example.org,115.0,tfoley,tfoley@example.org,Tammy,Foley
276,192.168.157.179,jrowe,,,,,,
277,192.168.177.84,jcarter,jcarter@example.com,116.0,jcarter,jcarter@example.com,Jackie,Carter
278,172.29.105.128,,,,,,,
279,172.18.34.87,adaniels,,,,,,
280,192.168.80.216,,,,,,,
281,10.65.103.68,,,,,,,
282,172.21.226.98,ccolon,,,,,,
283,172.30.40.203,rsampson,rsampson@example.org,117.0,rsampson,rsampson@example.org,Randall,Sampson
284,192.168.19.14,lbaxter,lbaxter@example.net,118.0,lbaxter,lbaxter@example.net,Lori,Baxter
285,192.168.176.87,,ddunn@example.com,119.0,ddunn,ddunn@example.com,Dean,Dunn
286,10.250.114.13,jballard,,,,,,
287,192.168.194.44,,jduncan@example.org,120.0,jduncan,jduncan@example.org,Jeremiah,Duncan
288,192.168.189.31,isellers,isellers@example.com,121.0,isellers,isellers@example.com,Isaac,Sellers
289,10.127.10.84,,,,,,,
290,10.73.193.77,,,,,,,
291,10.7.32.63,,ckemp@example.net,122.0,ckemp,ckemp@example.net,Cameron,Kemp
292,172.24.53.28,,,,,,,
293,192.168.85.64,olong,,,,,,
294,172.23.62.151,,,,,,,
295,172.16.130.4,kpratt,,,,,,
296,172.26.13.180,cnorton,,,,,,
297,10.163.2.215,thowell,thowell@example.com,123.0,thowell,thowell@example.com,Trevor,Howell
298,172.23.141.129,lsutton,lsutton@example.com,124.0,lsutton,lsutton@example.com,Logan,Sutton
299,192.168.155.156,,,,,,,
300,10.62.118.15,,gchase@example.com,125.0,gchase,gchase@example.com,Gene,Chase
301,172.27.235.136,,croth@example.org,126.0,croth,croth@example.org,Carolyn,Roth
302,192.168.188.49,sfoster,sfoster@example.net,127.0,sfoster,sfoster@example.net,Sheila,Foster
303,172.27.25.38,wconley,wconley@example.net,128.0,wconley,wconley@example.net,Wayne,Conley
304,192.168.109.101,dwade,dwade@example.net,129.0,dwade,dwade@example.net,Danny,Wade
305,10.140.20.50,,anavarro@example.org,130.0,anavarro,anavarro@example.org,Andre,Navarro
306,10.211.248.215,bbauer,,,,,,
307,172.18.140.229,alarson,,,,,,
308,192.168.244.7,,,,,,,
309,10.107.85.158,rhendricks,,,,,,
310,10.100.209.192,scontreras,,,,,,
311,172.23.233.164,tmerritt,,,,,,
312,172.18.152.236,,,,,,,
313,172.28.46.183,rlucero,,,,,,
314,10.109.94.35,cbaldwin,,,,,,
315,172.16.183.195,,pvaughn@example.org,131.0,pvaughn,pvaughn@example.org,Pamela,Vaughn
316,10.221.177.173,jhancock,jhancock@example.com,132.0,jhancock,jhancock@example.com,Justin,Hancock
317,10.207.206.97,hcox,,,,,,
318,192.168.18.139,bwaters,,,,,,
319,192.168.34.48,rlin,,,,,,
320,172.18.16.234,,,,,,,
321,10.122.157.145,,,,,,,
322,192.168.87.219,kburton,,,,,,
323,192.168.244.96,kfarrell,kfarrell@example.com,133.0,kfarrell,kfarrell@example.com,Karina,Farrell
324,172.25.19.170,,,,,,,
325,192.168.109.225,wchurch,wchurch@example.net,134.0,wchurch,wchurch@example.net,Wanda,Church
326,10.191.103.200,mwolfe,,,,,,
327,172.21.158.54,,,,,,,
328,10.7.62.96,,,,,,,
329,172.19.109.155,sstafford,sstafford@example.org,135.0,sstafford,sstafford@example.org,Shelley,Stafford
330,10.209.216.52,,,,,,,
331,172.25.215.158,dpeters,,,,,,
332,10.55.216.132,mellis,,,,,,
333,10.127.144.196,,,,,,,
334,172.16.134.163,nferrell,,,,,,
335,172.30.177.75,dyu,,,,,,
336,172.25.157.63,,,,,,,
337,192.168.105.55,esandoval,,,,,,
338,10.176.41.164,rmccoy,rmccoy@example.org,136.0,rmccoy,rmccoy@example.org,Robin,Mccoy
339,172.20.251.223,lmaldonado,,,,,,
340,10.63.230.69,fgates,fgates@example.net,137.0,fgates,fgates@example.net,Francisco,Gates
341,172.30.115.57,mschneider,,,,,,
342,10.146.33.50,,,,,,,
343,172.30.235.76,,,,,,,
344,172.20.58.102,rpowers,rpowers@example.net,138.0,rpowers,rpowers@example.net,Raymond,Powers
345,192.168.230.250,jhartman,,,,,,
346,10.151.69.100,,gliu@example.org,139.0,gliu,gliu@example.org,Gina,Liu
347,172.22.183.139,,,,,,,
348,172.30.88.230,vpadilla,,,,,,
349,10.79.230.98,,arangel@example.org,140.0,arangel,arangel@example.org,Amy,Rangel
350,10.62.229.127,cashley,,,,,,
351,172.22.240.89,,,,,,,
352,10.119.11.18,arichard,arichard@example.net,141.0,arichard,arichard@example.net,Albert,Richard
353,192.168.44.219,dguerra,dguerra@example.org,142.0,dguerra,dguerra@example.org,Doris,Guerra
354,172.21.172.206,gtorres,,,,,,
355,192.168.242.252,,,,,,,
356,192.168.115.145,,,,,,,
357,192.168.32.70,gdavidson,gdavidson@example.org,143.0,gdavidson,gdavidson@example.org,Grace,Davidson
358,10.56.5.81,dgreen,,,,,,
359,10.133.247.105,bbarnes,bbarnes@example.net,144.0,bbarnes,bbarnes@example.net,Brett,Barnes
360,172.27.60.222,,aharding@example.com,145.0,aharding,aharding@example.com,Ashlee,Harding
361,192.168.106.108,,gpatterson@example.org,146.0,gpatterson,gpatterson@example.org,Gilbert,Patterson
362,192.168.31.120,mhicks,,,,,,
363,10.198.120.199,mswanson,mswanson@example.org,147.0,mswanson,mswanson@example.org,Marco,Swanson
364,192.168.22.139,dali,,,,,,
365,192.168.248.27,kvilla,kvilla@example.net,148.0,kvilla,kvilla@example.net,Kristy,Villa
366,192.168.211.70,mklein,,,,,,
367,10.134.105.9,mhammond,mhammond@example.net,149.0,mhammond,mhammond@example.net,Meredith,Hammond
368,192.168.13.170,kwebb,,,,,,
369,172.28.196.25,mblevins,,,,,,
370,172.20.182.255,cdunlap,,,,,,
371,192.168.127.129,,,,,,,
372,10.107.134.245,opotter,,,,,,
373,10.153.151.235,mbowers,,,,,,
374,172.29.226.161,,,,,,,
375,10.35.181.195,,wwalsh@example.com,150.0,wwalsh,wwalsh@example.com,Wendy,Walsh
376,172.24.0.242,,epark@example.org,151.0,epark,epark@example.org,Eugene,Park
377,192.168.214.130,,,,,,,
378,192.168.31.104,ypitts,ypitts@example.com,152.0,ypitts,ypitts@example.com,Yolanda,Pitts
379,10.97.32.87,csalazar,,,,,,
380,192.168.47.196,npayne,,,,,,
381,192.168.65.30,,,,,,,
382,172.21.35.21,xhester,xhester@example.net,153.0,xhester,xhester@example.net,Xavier,Hester
383,192.168.240.189,,,,,,,
384,172.27.190.42,,,,,,,
385,192.168.3.27,dcordova,dcordova@example.com,154.0,dcordova,dcordova@example.com,Drew,Cordova
386,192.168.141.120,trandolph,,,,,,
387,172.19.140.125,ljordan,,,,,,
388,172.21.46.135,kmcintyre,,,,,,
389,10.147.251.135,jblair,,,,,,
390,192.168.155.11,jkaiser,,,,,,
391,172.26.199.82,,mbaird@example.net,155.0,mbaird,mbaird@example.net,Margaret,Baird
392,10.96.68.127,jcardenas,,,,,,
393,172.22.122.119,,,,,,,
394,172.31.203.150,,,,,,,
395,10.129.26.250,cmorrison,cmorrison@example.net,156.0,cmorrison,cmorrison@example.net,Colin,Morrison
396,10.81.56.40,,vfuller@example.net,157.0,vfuller,vfuller@example.net,Victor,Fuller
397,172.29.9.41,edyer,,,,,,
398,172.28.47.63,cparsons,,,,,,
399,192.168.90.211,charvey,,,,,,
400,172.27.164.245,vneal,,,,,,
401,192.168.225.226,,ldeleon@example.com,158.0,ldeleon,ldeleon@example.com,Leah,Deleon
402,172.17.106.206,,,,,,,
403,192.168.74.173,,,,,,,
404,192.168.73.23,swillis,swillis@example.com,159.0,swillis,swillis@example.com,Sherry,Willis
405,10.102.82.36,hwatson,,,,,,
406,172.18.78.119,kstanley,,,,,,
407,192.168.116.219,,,,,,,
408,192.168.200.3,,,,,,,
409,172.26.48.71,,cmcmahon@example.com,160.0,cmcmahon,cmcmahon@example.com,Colleen,Mcmahon
410,192.168.126.209,agrant,,,,,,
411,10.65.62.121,,,,,,,
412,172.27.207.80,,dkeller@example.com,161.0,dkeller,dkeller@example.com,Dillon,Keller
413,192.168.125.91,cbuchanan,,,,,,
414,192.168.58.176,,,,,,,
415,192.168.135.18,,,,,,,
416,10.167.81.0,rreed,rreed@example.org,162.0,rreed,rreed@example.org,Reginald,Reed
417,10.93.63.43,wsimmons,,,,,,
418,10.162.149.64,ccross,ccross@example.org,163.0,ccross,ccross@example.org,Casey,Cross
419,172.22.75.229,rspence,rspence@example.com,164.0,rspence,rspence@example.com,Regina,Spence
420,10.188.186.4,,,,,,,
421,192.168.123.177,dhatfield,dhatfield@example.org,165.0,dhatfield,dhatfield@example.org,Dennis,Hatfield
422,10.112.51.101,frussell,,,,,,
423,10.161.21.126,,smonroe@example.net,166.0,smonroe,smonroe@example.net,Shelly,Monroe
424,172.23.204.126,ksoto,,,,,,
425,10.206.55.178,lduffy,,,,,,
426,10.142.79.170,amcguire,,,,,,
427,10.6.229.218,,,,,,,
428,172.29.39.47,,tschaefer@example.net,167.0,tschaefer,tschaefer@example.net,Tanner,Schaefer
429,192.168.73.80,,jhinton@example.org,168.0,jhinton,jhinton@example.org,Jeanne,Hinton
430,10.97.158.72,,tfisher@example.org,169.0,tfisher,tfisher@example.org,Troy,Fisher
431,192.168.59.131,,,,,,,
432,10.191.119.231,edouglas,edouglas@example.org,170.0,edouglas,edouglas@example.org,Ellen,Douglas
433,10.135.194.3,wsantana,,,,,,
434,10.86.238.154,strujillo,strujillo@example.net,171.0,strujillo,strujillo@example.net,Stacie,Trujillo
435,192.168.93.212,,kbarton@example.com,172.0,kbarton,kbarton@example.com,Katelyn,Barton
436,192.168.117.120,jmcdowell,,,,,,
437,192.168.241.152,dharper,dharper@example.net,173.0,dharper,dharper@example.net,Debbie,Harper
438,10.140.222.206,rshields,rshields@example.net,174.0,rshields,rshields@example.net,Ronnie,Shields
439,192.168.136.135,,pcarr@example.com,175.0,pcarr,pcarr@example.com,Peggy,Carr
440,172.20.184.17,,,,,,,
441,172.29.28.128,rhuang,,,,,,
442,10.2.245.27,,lmurillo@example.com,176.0,lmurillo,lmurillo@example.com,Lindsay,Murillo
443,10.82.170.89,,,,,,,
444,172.26.54.118,sbonilla,sbonilla@example.org,177.0,sbonilla,sbonilla@example.org,Stefanie,Bonilla
445,10.166.48.124,cmiranda,cmiranda@example.net,178.0,cmiranda,cmiranda@example.net,Caroline,Miranda
446,10.30.199.17,dtodd,dtodd@example.org,179.0,dtodd,dtodd@example.org,Duane,Todd
447,10.38.7.26,btownsend,,,,,,
448,192.168.179.124,,,,,,,
449,10.70.68.39,,scurry@example.org,180.0,scurry,scurry@example.org,Shelby,Curry
450,192.168.21.194,,,,,,,
451,192.168.143.32,ltate,,,,,,
452,10.248.53.155,mholland,,,,,,
453,10.48.1.80,jmccormick,,,,,,
454,172.18.183.239,sstein,,,,,,
455,172.25.13.30,gsingleton,gsingleton@example.org,181.0,gsingleton,gsingleton@example.org,Greg,Singleton
456,10.243.130.184,,janthony@example.org,182.0,janthony,janthony@example.org,Jo,Anthony
457,172.17.194.181,dlawrence,,,,,,
458,172.20.90.137,mwhitaker,,,,,,
459,172.17.231.128,,,,,,,
460,172.28.148.82,,,,,,,
461,10.163.53.148,,lgarrett@example.org,183.0,lgarrett,lgarrett@example.org,Lee,Garrett
462,172.31.132.142,,,,,,,
463,192.168.103.204,,,,,,,
464,192.168.91.65,nduran,nduran@example.com,184.0,nduran,nduran@example.com,Natalie,Duran
465,10.23.148.48,,,,,,,
466,172.30.45.125,,khuff@example.net,185.0,khuff,khuff@example.net,Kara,Huff
467,10.138.63.80,,,,,,,
468,10.155.178.90,ichristensen,,,,,,
469,10.36.173.98,jhudson,jhudson@example.com,186.0,jhudson,jhudson@example.com,Jon,Hudson
470,172.29.75.184,lfarmer,,,,,,
471,192.168.243.122,pchristian,,,,,,
472,172.22.11.214,,npineda@example.org,187.0,npineda,npineda@example.org,Norma,Pineda
473,172.19.75.81,nhebert,,,,,,
474,172.30.209.16,jobrien,jobrien@example.com,188.0,jobrien,jobrien@example.com,Jack,Obrien
475,10.150.219.157,mglenn,mglenn@example.org,189.0,mglenn,mglenn@example.org,Mariah,Glenn
476,10.219.21.72,aoconnor,,,,,,
477,10.82.59.192,,cbush@example.com,190.0,cbush,cbush@example.com,Cathy,Bush
478,172.27.1.233,tfriedman,,,,,,
479,10.22.13.104,,dday@example.org,191.0,dday,dday@example.org,Dorothy,Day
480,192.168.235.218,tdelgado,,,,,,
481,192.168.219.95,,,,,,,
482,192.168.110.230,,,,,,,
483,172.19.226.24,,,,,,,
484,10.157.59.183,,mfrey@example.org,192.0,mfrey,mfrey@example.org,Malik,Frey
485,10.200.55.105,bpoole,bpoole@example.com,193.0,bpoole,bpoole@example.com,Brianna,Poole
486,172.25.241.100,rcummings,rcummings@example.com,194.0,rcummings,rcummings@example.com,Rachael,Cummings
487,172.28.153.79,dbolton,dbolton@example.com,195.0,dbolton,dbolton@example.com,Darryl,Bolton
488,172.30.115.7,dcompton,,,,,,
489,192.168.208.41,jpierce,,,,,,
490,172.18.188.218,,,,,,,
491,172.27.236.13,cchavez,,,,,,
492,172.29.218.247,lnewton,lnewton@example.com,196.0,lnewton,lnewton@example.com,Lucas,Newton
493,10.116.198.231,agray,,,,,,
494,10.50.187.250,,,,,,,
495,172.17.181.60,,,,,,,
496,172.24.146.105,,tflynn@example.net,197.0,tflynn,tflynn@example.net,Tim,Flynn
497,172.18.1.142,,,,,,,
498,10.101.141.192,cwu,cwu@example.com,198.0,cwu,cwu@example.com,Cole,Wu
499,172.25.151.137,egaines,egaines@example.com,199.0,egaines,egaines@example.com,Edgar,Gaines
500,192.168.45.225,,,,,,,
